{"ABGSHIP_2013_MDA.txt.json": [[3.051797389984131, 3.685049295425415, 0.0, 0.0, 2.9309444427490234, 0.0, 0.0, 0.0, 0.0, 2.006782054901123]], "ADHUNIK_2015_MDA.txt.json": [[2.609062671661377, 4.474563121795654, 0.0, 0.0, 2.094649314880371, 0.0, 0.0, 0.0, 0.0, 2.4420981407165527]], "ADHUNIK_2016_MDA.txt.json": [[2.502232313156128, 3.8263559341430664, 0.0, 0.0, 2.478665351867676, 0.0, 0.0, 0.0, 0.0, 2.3399717807769775]], "ADHUNIK_2017_MDA.txt.json": [[6.072902679443359, 0.0, 0.0, 0.0, 4.266992568969727, 0.0, 0.0, 0.0, 0.0, 0.0]], "ANGIND_2013_MDA.txt.json": [[2.4330825805664062, 4.500295162200928, 0.0, 0.0, 0.0, 0.0, 0.0, 0.0, 0.0, 3.16446590423584]], "ANGIND_2015_MDA.txt.json": [[3.1615359783172607, 4.0618205070495605, 0.0, 0.0, 2.634976863861084, 0.0, 0.0, 0.0, 0.0, 2.316237449645996]], "ANGIND_2016_MDA.txt.json": [[1.8503865003585815, 3.7379021644592285, 0.0, 0.0, 2.447962760925293, 0.0, 0.0, 0.0, 0.0, 2.633256435394287]], "ANGIND_2017_MDA.txt.json": [[3.494739532470703, 3.4908928871154785, 0.0, 0.0, 3.0523858070373535, 0.0, 0.0, 0.0, 0.0, 1.5978145599365234]], "ASHAPURMIN_2017_MDA.txt.json": [[2.922305107116699, 4.233404636383057, 0.0, 0.0, 2.48330020904541, 0.0, 0.0, 0.0, 0.0, 2.5895042419433594]], "ASHAPURMIN_2018_MDA.txt.json": [[3.0414984226226807, 4.025515079498291, 0.0, 0.0, 2.902297019958496, 0.0, 0.0, 0.0, 0.0, 1.9445183277130127]], "ASHAPURMIN_2019_MDA.txt.json": [[2.7961888313293457, 4.582050800323486, 0.0, 0.0, 1.889745831489563, 0.0, 0.0, 0.0, 0.0, 2.553623676300049]], "BAFNAPH_2017_MDA.txt.json": [[2.7694950103759766, 4.0420966148376465, 0.0, 0.0, 2.6050662994384766, 0.0, 0.0, 0.0, 0.0, 2.776933193206787]], "BAFNAPH_2018_MDA.txt.json": [[5.108679294586182, 2.3704867362976074, 0.0, 0.0, 3.2243080139160156, 0.0, 0.0, 0.0, 0.0, 0.39606523513793945]], "BAFNAPH_2019_MDA.txt.json": [[3.1064953804016113, 3.6929006576538086, 0.0, 0.0, 2.8109827041625977, 0.0, 0.0, 0.0, 0.0, 2.491281509399414]], "BAFNAPH_2020_MDA.txt.json": [[3.080167055130005, 4.0605010986328125, 0.0, 0.0, 2.6511526107788086, 0.0, 0.0, 0.0, 0.0, 2.2069876194000244]], "BHUSANSTL_2016_MDA.txt.json": [[2.6048922538757324, 4.256585121154785, 0.0, 0.0, 1.9841073751449585, 0.0, 0.0, 0.0, 0.0, 2.103684425354004]], "CANDC_2016_MDA.txt.json": [[2.7197320461273193, 3.9359779357910156, 0.0, 0.0, 2.1982250213623047, 0.0, 0.0, 0.0, 0.0, 2.316267251968384]], "CANDC_symbol_2017_MDA.txt.json": [[2.6799514293670654, 4.335442066192627, 0.0, 0.0, 1.9272772073745728, 0.0, 0.0, 0.0, 0.0, 2.3949546813964844]], "EASUNREYRL_2011_MDA.txt.json": [[2.165787935256958, 4.325893878936768, 0.0, 0.0, 0.0, 0.0, 0.0, 0.0, 0.0, 3.1603927612304688]], "EASUNREYRL_2012_MDA.txt.json": [[2.5330700874328613, 4.450594425201416, 0.0, 0.0, 2.413630962371826, 0.0, 0.0, 0.0, 0.0, 2.7408032417297363]], "EASUNREYRL_2013_MDA.txt.json": [[1.7837097644805908, 4.243106365203857, 0.0, 0.0, 1.8037315607070923, 0.0, 0.0, 0.0, 0.0, 2.6685287952423096]], "EASUNREYRL_2014_MDA.txt.json": [[2.0423290729522705, 4.340740203857422, 0.0, 0.0, 1.688529133796692, 0.0, 0.0, 0.0, 0.0, 2.8496193885803223]], "EASUNREYRL_2015_MDA.txt.json": [[3.646812677383423, 3.2603487968444824, 0.0, 0.0, 3.2160849571228027, 0.0, 0.0, 0.0, 0.0, 1.5310633182525635]], "EASUNREYRL_2016_MDA.txt.json": [[2.3678390979766846, 4.61885404586792, 0.0, 0.0, 1.3682122230529785, 0.0, 0.0, 0.0, 0.0, 2.8730294704437256]], "EASUNREYRL_2017_MDA.txt.json": [[1.7363146543502808, 3.9361751079559326, 0.0, 0.0, 2.49235200881958, 0.0, 0.0, 0.0, 0.0, 2.3942489624023438]], "EASUNREYRL_2018_MDA.txt.json": [[3.359076976776123, 5.14511251449585, 0.0, 0.0, 0.05064612627029419, 0.0, 0.0, 0.0, 0.0, 3.020319938659668]], "EDL_2016_MDA.txt.json": [[2.4907782077789307, 4.361201763153076, 0.0, 0.0, 2.664543628692627, 0.0, 0.0, 0.0, 0.0, 2.567018985748291]], "EDL_2017_MDA.txt.json": [[2.208862543106079, 4.180300712585449, 0.0, 0.0, 1.9321767091751099, 0.0, 0.0, 0.0, 0.0, 1.9974281787872314]], "EDL_2018_MDA.txt.json": [[0.8942558765411377, 4.584010124206543, 0.0, 0.0, 1.786561131477356, 0.0, 0.0, 0.0, 0.0, 2.476956367492676]], "GALLANT_2016_MDA.txt.json": [[2.2050726413726807, 4.137495517730713, 0.0, 0.0, 2.1593689918518066, 0.0, 0.0, 0.0, 0.0, 2.5009021759033203]], "GALLANT_2017_MDA.txt.json": [[2.9805328845977783, 4.105286598205566, 0.0, 0.0, 2.2738451957702637, 0.0, 0.0, 0.0, 0.0, 2.5547070503234863]], "GEMINI_2017_MDA.txt.json": [[2.772047281265259, 3.729856491088867, 0.0, 0.0, 2.067622661590576, 0.0, 0.0, 0.0, 0.0, 1.9850594997406006]], "GUJNRECOKE_2015_MDA.txt.json": [[3.5181262493133545, 3.353511333465576, 0.0, 0.0, 3.0132856369018555, 0.0, 0.0, 0.0, 0.0, 1.8765169382095337]], "GUJNRECOKE_2016_MDA.txt.json": [[2.105914831161499, 3.8731322288513184, 0.0, 0.0, 2.3955345153808594, 0.0, 0.0, 0.0, 0.0, 2.682586193084717]], "INDOSOLAR_2017_MDA.txt.json": [[4.1619439125061035, 2.976147174835205, 0.0, 0.0, 3.0631704330444336, 0.0, 0.0, 0.0, 0.0, 0.5388010144233704]], "INDOSOLAR_2019_MDA.txt.json": [[3.292288064956665, 3.608287811279297, 0.0, 0.0, 2.923617362976074, 0.0, 0.0, 0.0, 0.0, 2.2696962356567383]], "IVRCLINFRA_2019_MDA.txt.json": [[5.151751518249512, 2.4921364784240723, 0.0, 0.0, 4.394987106323242, 0.0, 0.0, 0.0, 0.0, 0.984641969203949]], "IVRCLINFRA_2020_MDA.txt.json": [[1.6283445358276367, 4.449230194091797, 0.0, 0.0, 1.9782015085220337, 0.0, 0.0, 0.0, 0.0, 2.7235031127929688]], "IVRCLINFRA_2021_MDA.txt.json": [[2.685976982116699, 4.407822132110596, 0.0, 0.0, 2.006120204925537, 0.0, 0.0, 0.0, 0.0, 2.6794943809509277]], "IVRCLINFRA_2022_MDA.txt.json": [[3.0395257472991943, 4.040687561035156, 0.0, 0.0, 2.3020782470703125, 0.0, 0.0, 0.0, 0.0, 2.156921863555908]], "JAIHINDPRO_2017_MDA.txt.json": [[3.5068113803863525, 3.6530449390411377, 0.0, 0.0, 2.2592415809631348, 0.0, 0.0, 0.0, 0.0, 2.6335232257843018]], "JAIHINDPRO_2018_MDA.txt.json": [[2.466273307800293, 4.913193225860596, 0.0, 0.0, 0.0, 0.0, 0.0, 0.0, 0.0, 3.0429234504699707]], "JENSONICOL_2016_MDA.txt.json": [[1.7349592447280884, 4.093392848968506, 0.0, 0.0, 0.9177110195159912, 0.0, 0.0, 0.0, 0.0, 3.0129594802856445]], "JENSONICOL_2017_MDA.txt.json": [[2.0158302783966064, 3.890251636505127, 0.0, 0.0, 2.8534069061279297, 0.0, 0.0, 0.0, 0.0, 2.5460495948791504]], "JPINFRATEC_2017_MDA.txt.json": [[1.8999066352844238, 3.9117822647094727, 0.0, 0.0, 2.193732261657715, 0.0, 0.0, 0.0, 0.0, 2.5540666580200195]], "JPINFRATEC_2018_MDA.txt.json": [[5.8566813468933105, 0.0, 0.0, 0.0, 4.289259910583496, 0.0, 0.0, 0.0, 0.0, 0.0]], "JPINFRATEC_2019_MDA.txt.json": [[2.8952786922454834, 4.368902206420898, 0.0, 0.0, 2.6671204566955566, 0.0, 0.0, 0.0, 0.0, 2.4862706661224365]], "JPINFRATEC_2020_MDA.txt.json": [[1.819856882095337, 3.5322670936584473, 0.0, 0.0, 2.748502731323242, 0.0, 0.0, 0.0, 0.0, 2.4226865768432617]], "JPINFRATEC_2021_MDA.txt.json": [[2.4935786724090576, 4.781391620635986, 0.0, 0.0, 0.0, 0.0, 0.0, 0.0, 0.0, 3.1120541095733643]], "KWALITY_2020_MDA.txt.json": [[2.7157909870147705, 4.636985778808594, 0.0, 0.0, 1.2501929998397827, 0.0, 0.0, 0.0, 0.0, 2.7254345417022705]], "ADVENZYM_2017_MDA.txt.json": [[0.0, 0.0, 2.8829681873321533, 4.007745742797852, 0.0, 2.780540704727173, 2.959601402282715, 3.7595512866973877, 1.8233213424682617, 0.0]], "ADVENZYM_2019_MDA.txt.json": [[0.0, 0.0, 0.7765401601791382, 2.786177635192871, 0.0, 0.0, 3.812976121902466, 4.766260623931885, 4.213398456573486, 0.0]], "ADVENZYM_2020_MDA.txt.json": [[0.0, 0.0, 2.523955821990967, 3.3649561405181885, 0.0, 2.5041046142578125, 2.4717814922332764, 3.42743182182312, 2.1826694011688232, 0.0]], "ADVENZYM_2021_MDA.txt.json": [[0.0, 0.0, 2.9699559211730957, 3.0928242206573486, 0.0, 2.0144176483154297, 3.088853120803833, 2.70021653175354, 2.04329514503479, 0.0]], "ADVENZYM_2022_MDA.txt.json": [[0.0, 0.0, 2.010420560836792, 3.8199002742767334, 0.0, 1.7760341167449951, 3.3017942905426025, 3.6893796920776367, 2.4060821533203125, 0.0]],